channel,activities,total_bookings_during,total_baseline,total_lift,avg_lift,median_lift,lift_rate_vs_baseline
CRM,558,2635.0,2862.0,-227.0,-0.4068100358422939,-1.0,-0.0793151642208246
FB,455,1720.0,5811.0,-4091.0,-8.991208791208791,-2.0,-0.704009636895543
KOL,309,3174.0,3635.0,-461.0,-1.4919093851132685,0.0,-0.12682255845942228
