channel,activities,total_bookings_during,total_baseline,total_lift,avg_lift,median_lift,lift_rate_vs_baseline
CRM,560,2814.0,2734.0,80.0,0.14285714285714285,0.0,0.029261155815654718
FB,325,4539.0,4288.0,251.0,0.7723076923076924,1.0,0.05853544776119403
KOL,312,3857.0,3635.0,222.0,0.7115384615384616,0.0,0.061072902338376894
